{
  "project_info": {
    "project_number": "1047744344687",
    "project_id": "threads-86467",
    "storage_bucket": "threads-86467.appspot.com"
  },
  "client": [
    {
      "client_info": {
        "mobilesdk_app_id": "1:1047744344687:android:07e28d6e1ba6e11646539a",
        "android_client_info": {
          "package_name": "com.abhishek.threads"
        }
      },
      "oauth_client": [],
      "api_key": [
        {
          "current_key": "AIzaSyCszNko5zvWBHtrFMYmwCYGXwC2pnNfAdw"
        }
      ],
      "services": {
        "appinvite_service": {
          "other_platform_oauth_client": []
        }
      }
    }
  ],
  "configuration_version": "1"
}